{"train/loss": 1.8425, "train/learning_rate": 4.0087232355273596e-05, "train/epoch": 0.4, "train/global_step": 500, "_timestamp": 1682548333.599488, "_runtime": 735.509684085846, "_step": 0, "_wandb": {"runtime": 1076}}